City_ID,City,Country,Date,Lat,Lng,Max Temp,Humidity,Cloudiness,Wind Speed
0,Mahebourg,MU,2021-01-11 17:38:09,-20.4081,57.7,80.6,94,40,12.66
1,Chokurdakh,RU,2021-01-11 17:38:09,70.6333,147.9167,-35.68,82,5,2.93
2,Synya,RU,2021-01-11 17:38:10,65.3718,58.0387,-14.89,81,31,2.33
3,Hasaki,JP,2021-01-11 17:38:10,35.7333,140.8333,34.0,75,75,6.91
4,Corinto,GR,2021-01-11 17:38:10,37.9407,22.9573,64.99,51,66,1.01
5,Mount Isa,AU,2021-01-11 17:38:11,-20.7333,139.5,82.4,57,16,6.91
6,Vostok,RU,2021-01-11 17:38:11,46.4856,135.8833,-7.8,85,43,4.43
7,Jamestown,US,2021-01-11 17:34:51,42.097,-79.2353,37.99,64,1,10.36
8,Atuona,PF,2021-01-11 17:38:11,-9.8,-139.0333,77.25,81,53,16.06
9,Puerto Ayora,EC,2021-01-11 17:38:11,-0.7393,-90.3518,77.0,88,11,5.01
10,Tromso,NO,2021-01-11 17:38:11,69.6496,18.957,23.0,63,0,16.11
11,Bluff,NZ,2021-01-11 17:38:11,-46.6,168.3333,52.0,84,42,1.01
12,Punta Arenas,CL,2021-01-11 17:34:40,-53.15,-70.9167,50.0,53,75,21.85
13,Rikitea,PF,2021-01-11 17:38:11,-23.1203,-134.9692,77.61,77,100,19.51
14,Mataura,NZ,2021-01-11 17:38:11,-46.1927,168.8643,52.0,84,28,1.01
15,Port Elizabeth,ZA,2021-01-11 17:38:12,-33.918,25.5701,68.0,94,90,13.8
16,Hermanus,ZA,2021-01-11 17:38:12,-34.4187,19.2345,72.0,74,45,5.01
17,Victor Harbor,AU,2021-01-11 17:38:12,-35.5667,138.6167,61.0,77,68,3.0
18,Upernavik,GL,2021-01-11 17:38:12,72.7868,-56.1549,22.84,86,100,7.05
19,Belogorsk,RU,2021-01-11 17:38:12,50.9158,128.4611,-13.99,88,98,5.95
20,Fort Wellington,GY,2021-01-11 17:38:12,6.4,-57.6,83.23,68,24,11.34
21,Kruisfontein,ZA,2021-01-11 17:38:12,-34.0033,24.7314,69.01,92,98,5.99
22,Vaini,TO,2021-01-11 17:38:12,-21.2,-175.2,77.0,94,75,6.91
23,Zhangzhou,CN,2021-01-11 17:38:13,24.5133,117.6556,44.6,49,0,4.47
24,Busselton,AU,2021-01-11 17:38:13,-33.65,115.3333,57.0,78,46,11.74
25,Avera,US,2021-01-11 17:38:14,33.194,-82.5271,50.0,57,90,5.75
26,Castelnaudary,FR,2021-01-11 17:38:14,43.3183,1.9545,33.01,80,90,14.97
27,Sambava,MG,2021-01-11 17:38:14,-14.2667,50.1667,78.98,83,26,4.14
28,Portland,US,2021-01-11 17:37:35,45.5234,-122.6762,46.0,76,90,14.97
29,Beringovskiy,RU,2021-01-11 17:38:15,63.05,179.3167,-21.69,81,63,12.82
30,Kamwenge,UG,2021-01-11 17:38:15,0.1866,30.4539,69.64,60,86,1.63
31,Kloulklubed,PW,2021-01-11 17:38:16,7.0419,134.2556,83.79,78,100,16.67
32,Cape Town,ZA,2021-01-11 17:36:21,-33.9258,18.4232,80.6,47,0,19.57
33,Hilo,US,2021-01-11 17:38:17,19.7297,-155.09,69.8,78,75,4.61
34,Kirakira,SB,2021-01-11 17:38:17,-10.4544,161.9205,80.38,78,99,2.89
35,Cabo San Lucas,MX,2021-01-11 17:33:47,22.8909,-109.9124,71.01,60,1,3.44
36,Ushuaia,AR,2021-01-11 17:36:12,-54.8,-68.3,46.4,61,75,14.97
37,Leland,US,2021-01-11 17:38:17,34.2563,-78.0447,55.4,62,40,6.91
38,Hobart,AU,2021-01-11 17:38:18,-42.8794,147.3294,64.4,88,90,5.75
39,Padang,ID,2021-01-11 17:38:18,-0.9492,100.3543,76.33,86,100,12.5
40,Tamboril,DO,2021-01-11 17:38:18,19.4854,-70.611,84.2,74,40,8.05
41,Vila Velha,BR,2021-01-11 17:38:19,-20.3297,-40.2925,88.0,62,20,18.41
42,Berlevag,NO,2021-01-11 17:38:20,70.8578,29.0864,15.8,67,0,10.36
43,Dunedin,NZ,2021-01-11 17:38:20,-45.8742,170.5036,46.99,79,6,7.0
44,Carnarvon,AU,2021-01-11 17:38:23,-24.8667,113.6333,77.0,88,0,23.02
45,Yulin,CN,2021-01-11 17:38:23,22.6333,110.15,41.83,53,59,5.77
46,Butaritari,KI,2021-01-11 17:38:23,3.0707,172.7902,80.83,82,19,19.6
47,Manyana,BW,2021-01-11 17:38:23,-23.4,21.7167,81.12,45,78,1.36
48,Bethel,US,2021-01-11 17:36:22,41.3712,-73.414,30.99,69,75,3.44
49,Marang,MY,2021-01-11 17:38:23,5.2056,103.2059,80.6,74,40,9.22
50,Bredasdorp,ZA,2021-01-11 17:38:24,-34.5322,20.0403,69.8,73,98,16.11
51,Thompson,CA,2021-01-11 17:38:24,55.7435,-97.8558,15.8,92,90,2.3
52,Ponta Do Sol,PT,2021-01-11 17:38:25,32.6667,-17.1,59.0,51,75,10.36
53,Ambilobe,MG,2021-01-11 17:38:25,-13.2,49.05,76.5,90,94,2.17
54,Kununurra,AU,2021-01-11 17:38:25,-15.7667,128.7333,80.6,83,64,6.58
55,Albany,US,2021-01-11 17:38:26,42.6001,-73.9662,30.99,69,100,1.59
56,Solec Kujawski,PL,2021-01-11 17:38:26,53.0837,18.2257,34.0,86,75,10.36
57,Torres,BR,2021-01-11 17:38:26,-29.3353,-49.7269,82.63,73,11,18.86
58,Qaanaaq,GL,2021-01-11 17:38:26,77.484,-69.3632,0.23,74,0,6.4
59,Hannut,BE,2021-01-11 17:38:26,50.6714,5.079,39.99,87,75,16.11
60,Odienne,CI,2021-01-11 17:38:26,9.51,-7.5692,93.94,20,23,3.67
61,Itarema,BR,2021-01-11 17:38:27,-2.9248,-39.9167,86.18,57,25,13.73
62,Ranong,TH,2021-01-11 17:38:28,9.9658,98.6348,73.2,84,34,6.24
63,Avarua,CK,2021-01-11 17:38:29,-21.2078,-159.775,77.0,94,75,5.75
64,Batagay,RU,2021-01-11 17:38:29,67.6333,134.6333,-40.86,77,25,3.4
65,Saint-Philippe,RE,2021-01-11 17:38:29,-21.3585,55.7679,80.6,94,75,12.66
66,Tiksi,RU,2021-01-11 17:38:29,71.6872,128.8694,-33.39,83,97,9.22
67,Atar,MR,2021-01-11 17:38:29,20.5169,-13.0499,66.72,29,100,17.49
68,Broome,US,2021-01-11 17:38:29,42.2506,-75.833,30.0,80,90,1.77
69,Port Alfred,ZA,2021-01-11 17:38:30,-33.5906,26.891,68.0,93,99,5.99
70,Lucea,JM,2021-01-11 17:38:30,18.451,-78.1736,86.0,83,75,10.36
71,Kodiak,US,2021-01-11 17:38:30,57.79,-152.4072,37.4,87,90,13.8
72,Yellowknife,CA,2021-01-11 17:38:30,62.456,-114.3525,8.6,92,40,8.05
73,Chikwawa,MW,2021-01-11 17:38:31,-16.0335,34.8009,80.04,75,73,2.1
74,Taltal,CL,2021-01-11 17:38:31,-25.4,-70.4833,70.72,55,29,7.34
75,Longyearbyen,SJ,2021-01-11 17:38:31,78.2186,15.6401,17.6,79,0,11.5
76,Tuktoyaktuk,CA,2021-01-11 17:38:31,69.4541,-133.0374,3.2,85,75,10.36
77,Aripuana,BR,2021-01-11 17:37:30,-9.1667,-60.6333,87.08,65,51,4.14
78,Uyutne,UA,2021-01-11 17:38:32,45.1994,33.3014,35.64,86,90,14.45
79,Oksfjord,NO,2021-01-11 17:38:32,70.2396,22.3479,26.6,74,0,19.57
80,Chicama,PE,2021-01-11 17:38:32,-7.8447,-79.1469,79.34,57,20,11.45
81,Wanaka,NZ,2021-01-11 17:38:33,-44.7,169.15,48.99,80,11,1.01
82,Rudnogorsk,RU,2021-01-11 17:38:35,57.2639,103.7519,-15.3,90,100,2.8
83,Sangmelima,CM,2021-01-11 17:38:35,2.9333,11.9833,77.49,61,7,3.22
84,Touros,BR,2021-01-11 17:38:35,-5.1989,-35.4608,86.0,58,40,17.27
85,Lebu,CL,2021-01-11 17:38:35,-37.6167,-73.65,58.98,53,47,15.17
86,Ulaanbaatar,MN,2021-01-11 17:38:35,47.9077,106.8832,-7.6,71,75,3.47
87,Esperance,AU,2021-01-11 17:38:35,-33.8667,121.9,53.6,71,0,6.91
88,Chilca,PE,2021-01-11 17:38:38,-12.5211,-76.7372,73.4,73,90,8.05
89,Kahului,US,2021-01-11 17:38:38,20.8947,-156.47,70.0,68,20,6.91
90,Dingle,PH,2021-01-11 17:38:38,10.9995,122.6711,74.21,89,100,12.64
91,Tilichiki,RU,2021-01-11 17:38:38,60.4667,166.1,-17.05,86,97,11.86
92,Arraial Do Cabo,BR,2021-01-11 17:38:40,-22.9661,-42.0278,87.8,65,20,16.11
93,Moyale,KE,2021-01-11 17:38:42,3.5167,39.0584,74.8,37,17,13.04
94,San Rafael,AR,2021-01-11 17:38:42,-34.6177,-68.3301,75.58,27,6,16.67
95,Riyadh,SA,2021-01-11 17:38:42,24.6877,46.7219,60.8,41,0,12.66
96,Fairbanks,US,2021-01-11 17:38:42,64.8378,-147.7164,24.8,74,75,2.3
97,Yafran,LY,2021-01-11 17:38:42,32.0633,12.5286,57.58,69,41,6.02
98,East London,ZA,2021-01-11 17:38:12,-33.0153,27.9116,68.0,94,90,10.36
99,Pisco,PE,2021-01-11 17:38:43,-13.7,-76.2167,72.0,83,0,9.22
100,Pailon,BO,2021-01-11 17:38:43,-17.65,-62.75,87.8,62,75,17.27
101,Georgetown,MY,2021-01-11 17:38:20,5.4112,100.3354,81.0,78,20,6.91
102,Aklavik,CA,2021-01-11 17:38:43,68.2191,-135.0107,-2.2,84,97,2.3
103,Hay River,CA,2021-01-11 17:38:43,60.8156,-115.7999,30.2,80,58,10.36
104,Necochea,AR,2021-01-11 17:38:43,-38.5473,-58.7368,72.0,69,100,21.5
105,Youghal,IE,2021-01-11 17:38:43,51.95,-7.8506,48.99,93,75,14.97
106,Aktash,RU,2021-01-11 17:38:43,50.3,87.7333,11.28,91,100,6.04
107,Matara,LK,2021-01-11 17:38:45,5.9485,80.5353,76.86,88,99,3.33
108,Passos,BR,2021-01-11 17:36:07,-20.7189,-46.6097,78.53,82,94,2.15
109,Kapaa,US,2021-01-11 17:38:46,22.0752,-159.319,66.2,94,40,8.05
110,Bandar-E Anzali,IR,2021-01-11 17:34:59,37.4727,49.4622,48.2,100,40,4.81
111,Whakatane,NZ,2021-01-11 17:38:46,-37.9585,176.9854,60.01,94,6,6.78
112,Ribeira Grande,PT,2021-01-11 17:38:46,38.5167,-28.7,62.6,94,75,10.36
113,Novoorsk,RU,2021-01-11 17:38:46,51.381,58.9813,10.4,79,90,13.42
114,Tasiilaq,GL,2021-01-11 17:38:48,65.6145,-37.6368,17.6,62,90,1.54
115,Popondetta,PG,2021-01-11 17:38:48,-8.7537,148.2534,74.43,91,99,3.02
116,Tigil,RU,2021-01-11 17:38:49,57.8,158.6667,2.64,86,100,3.22
117,Zhuhai,CN,2021-01-11 17:38:49,22.2769,113.5678,48.2,40,0,20.71
118,Cayenne,GF,2021-01-11 17:38:49,4.9333,-52.3333,84.2,74,75,20.71
119,Opuwo,NA,2021-01-11 17:38:49,-18.0607,13.84,75.38,42,35,13.24
120,Birao,CF,2021-01-11 17:38:49,10.2849,22.7882,74.34,19,63,5.82
121,Morro Bay,US,2021-01-11 17:38:50,35.3658,-120.8499,57.99,56,22,4.29
122,Kaitangata,NZ,2021-01-11 17:38:50,-46.2817,169.8464,46.24,91,12,4.41
123,Storsteinnes,NO,2021-01-11 17:38:51,69.2408,19.2344,23.0,57,40,11.5
124,Lazarev,RU,2021-01-11 17:38:51,52.225,141.5131,-10.05,85,92,7.7
125,Binga,ZW,2021-01-11 17:38:52,-17.6203,27.3414,77.05,81,90,3.31
126,Hithadhoo,MV,2021-01-11 17:38:52,-0.6,73.0833,81.16,78,52,16.71
127,Taikang,CN,2021-01-11 17:38:52,46.8333,124.4167,-0.6,87,43,4.12
128,San Pedro Buenavista,MX,2021-01-11 17:38:52,16.0833,-93.1167,77.0,57,75,17.27
129,Nabire,ID,2021-01-11 17:38:53,-3.3667,135.4833,77.58,87,100,4.12
130,Pangnirtung,CA,2021-01-11 17:38:53,66.1451,-65.7125,1.4,92,75,1.23
131,Isangel,VU,2021-01-11 17:38:53,-19.55,169.2667,79.84,82,100,8.21
132,Namibe,AO,2021-01-11 17:38:53,-15.1961,12.1522,73.98,67,75,12.01
133,Bonavista,CA,2021-01-11 17:38:54,48.6499,-53.1147,27.0,93,92,9.22
134,Katobu,ID,2021-01-11 17:38:54,-4.9408,122.5276,76.93,91,11,1.3
135,Caravelas,BR,2021-01-11 17:38:54,-17.7125,-39.2481,83.95,65,6,11.25
136,Saryg-Sep,RU,2021-01-11 17:38:54,51.5,95.6,2.16,92,100,1.45
137,San Patricio,US,2021-01-11 17:38:54,28.017,-97.5169,48.2,66,40,14.97
138,Inhambane,MZ,2021-01-11 17:38:55,-23.865,35.3833,80.01,89,40,3.44
139,Goderich,CA,2021-01-11 17:38:55,43.7501,-81.7165,30.2,80,97,13.8
140,Ostrovnoy,RU,2021-01-11 17:38:55,68.0531,39.5131,4.12,91,1,15.52
141,Severo-Kurilsk,RU,2021-01-11 17:38:55,50.6789,156.125,23.07,90,79,26.87
142,Kondinskoye,RU,2021-01-11 17:38:55,59.6481,67.41,-26.36,86,2,6.98
143,Muravlenko,RU,2021-01-11 17:38:55,63.7898,74.523,-19.12,82,29,13.47
144,Labuhan,ID,2021-01-11 17:38:56,-6.8844,112.2051,78.84,84,100,6.76
145,Barrow,US,2021-01-11 17:38:56,71.2906,-156.7887,3.2,78,90,16.11
146,Khatanga,RU,2021-01-11 17:38:57,71.9667,102.5,-9.54,90,100,9.62
147,Along,IN,2021-01-11 17:38:58,28.1667,94.7667,59.05,69,87,0.74
148,Vilia,GR,2021-01-11 17:38:58,38.1667,23.3333,64.4,72,20,5.75
149,Geraldton,AU,2021-01-11 17:34:25,-28.7667,114.6,71.6,73,47,17.27
150,Komsomolskiy,UZ,2021-01-11 17:38:59,40.4272,71.7189,28.4,64,0,4.61
151,Harper,LR,2021-01-11 17:38:59,4.375,-7.7169,80.02,83,94,8.79
152,Saint George,US,2021-01-11 17:37:50,37.1041,-113.5841,33.8,40,1,8.05
153,Buraydah,SA,2021-01-11 17:35:51,26.326,43.975,59.0,58,0,4.61
154,Mandera,KE,2021-01-11 17:39:00,3.9366,41.867,85.96,28,0,10.11
155,Bathsheba,BB,2021-01-11 17:39:00,13.2167,-59.5167,80.6,69,75,26.46
156,Qingdao,CN,2021-01-11 17:39:00,36.0986,120.3719,28.99,79,0,4.47
157,Shimoda,JP,2021-01-11 17:36:07,34.6667,138.95,35.01,68,100,7.47
158,Maku,IR,2021-01-11 17:39:00,39.2911,44.4521,33.84,84,26,5.73
159,Qaqortoq,GL,2021-01-11 17:39:01,60.7167,-46.0333,44.6,31,75,25.32
160,Gadung,PH,2021-01-11 17:39:01,6.8025,124.02,78.06,79,74,4.03
161,Kutum,SD,2021-01-11 17:39:01,14.2,24.6667,61.9,28,10,10.0
162,Karratha,AU,2021-01-11 17:39:01,-20.7377,116.8463,86.34,65,0,12.64
163,Nuuk,GL,2021-01-11 17:39:01,64.1835,-51.7216,24.8,93,90,4.61
164,Saskylakh,RU,2021-01-11 17:39:01,71.9167,114.0833,-9.47,89,100,6.46
165,Warragul,AU,2021-01-11 17:39:01,-38.1667,145.9333,66.0,81,78,8.01
166,Maldonado,UY,2021-01-11 17:39:01,-34.6667,-54.9167,73.99,78,90,13.8
167,Ahuimanu,US,2021-01-11 17:39:03,21.4447,-157.8378,73.4,78,40,4.61
168,Sao Lourenco,BR,2021-01-11 17:39:03,-22.1164,-45.0544,82.0,77,97,3.67
169,Cidreira,BR,2021-01-11 17:39:04,-30.1811,-50.2056,80.92,77,25,22.19
170,Sao Joaquim Da Barra,BR,2021-01-11 17:39:04,-20.5814,-47.8547,89.6,51,75,9.22
171,Narsaq,GL,2021-01-11 17:39:04,60.9167,-46.05,44.6,31,75,25.32
172,Rawson,AR,2021-01-11 17:39:04,-43.3002,-65.1023,66.31,26,32,18.3
173,Colmar,FR,2021-01-11 17:39:05,48.0833,7.3667,30.2,69,0,2.3
174,Rocha,UY,2021-01-11 17:39:06,-34.4833,-54.3333,76.21,78,100,3.96
175,Molteno,ZA,2021-01-11 17:39:06,-31.3968,26.3625,63.97,80,98,11.92
176,Belle Fourche,US,2021-01-11 17:39:06,44.6714,-103.8522,45.0,39,1,14.97
177,Nantong,CN,2021-01-11 17:39:06,32.0303,120.8747,34.0,45,0,10.22
178,Dikson,RU,2021-01-11 17:39:06,73.5069,80.5464,2.62,95,94,5.08
179,Zhigansk,RU,2021-01-11 17:39:07,66.7697,123.3711,-42.86,80,91,9.98
180,Maniitsoq,GL,2021-01-11 17:39:07,65.4167,-52.9,22.33,95,100,2.39
181,College,US,2021-01-11 17:39:07,64.8569,-147.8028,24.8,74,90,3.44
182,Rosarito,MX,2021-01-11 17:39:08,32.3333,-117.0333,62.6,22,20,8.5
183,New Norfolk,AU,2021-01-11 17:39:10,-42.7826,147.0587,64.0,88,100,5.32
184,Mar Del Plata,AR,2021-01-11 17:37:39,-38.0023,-57.5575,77.0,57,0,13.8
185,Sinjar,IQ,2021-01-11 17:39:11,36.3209,41.8754,50.34,47,10,2.62
186,Southwick,US,2021-01-11 17:39:12,42.0548,-72.7704,30.99,74,1,2.71
187,Auxerre,FR,2021-01-11 17:39:12,47.8,3.5667,36.0,82,25,6.85
188,Manokwari,ID,2021-01-11 17:39:12,-0.8667,134.0833,77.97,81,100,2.37
189,Mogadishu,SO,2021-01-11 17:35:32,2.0371,45.3438,76.68,74,0,24.2
190,Nikolskoye,RU,2021-01-11 17:39:12,59.7035,30.7861,12.0,85,20,11.18
191,Mbuji-Mayi,CD,2021-01-11 17:39:13,-6.15,23.6,70.36,91,75,1.48
192,Olafsvik,IS,2021-01-11 17:39:13,64.8945,-23.7142,29.5,89,0,8.37
193,Solnechnyy,RU,2021-01-11 17:39:14,50.7214,136.6319,-13.41,82,23,1.63
194,Ilulissat,GL,2021-01-11 17:39:15,69.2167,-51.1,26.6,93,90,10.36
195,Chuy,UY,2021-01-11 17:39:15,-33.6971,-53.4616,75.65,87,100,2.8
196,Coquimbo,CL,2021-01-11 17:35:53,-29.9533,-71.3436,68.0,60,0,14.97
197,Cockburn Town,TC,2021-01-11 17:36:43,21.4612,-71.1419,80.6,65,40,11.5
198,Kavieng,PG,2021-01-11 17:39:16,-2.5744,150.7967,82.08,74,92,7.72
199,Sligo,IE,2021-01-11 17:39:16,54.2697,-8.4694,50.0,100,90,16.11
200,Faya,SA,2021-01-11 17:39:16,18.3851,42.4509,48.2,87,40,6.91
201,Santa Maria,BR,2021-01-11 17:39:17,-29.6842,-53.8069,98.6,41,40,10.36
202,Codrington,AU,2021-01-11 17:39:17,-38.2667,141.9667,58.95,74,86,14.97
203,Los Llanos De Aridane,ES,2021-01-11 17:36:15,28.6585,-17.9182,64.4,55,75,11.5
204,Faanui,PF,2021-01-11 17:39:17,-16.4833,-151.75,80.85,78,33,23.71
205,Krivosheino,RU,2021-01-11 17:39:17,57.3431,83.9261,-27.62,85,6,5.57
206,Sao Filipe,CV,2021-01-11 17:39:17,14.8961,-24.4956,71.56,69,100,18.16
207,Mabaruma,GY,2021-01-11 17:39:17,8.2,-59.7833,82.71,68,26,9.1
208,Airai,TL,2021-01-11 17:39:17,-8.9266,125.4092,61.86,100,56,0.65
209,Carballo,ES,2021-01-11 17:39:18,43.213,-8.691,48.2,66,20,8.05
210,Inirida,CO,2021-01-11 17:39:18,3.8653,-67.9239,87.04,64,88,1.52
211,Surt,LY,2021-01-11 17:39:18,31.2089,16.5887,74.82,30,0,12.71
212,Huarmey,PE,2021-01-11 17:39:18,-10.0681,-78.1522,75.74,69,12,11.3
213,Yulara,AU,2021-01-11 17:39:18,-25.2406,130.9889,82.4,17,0,9.22
214,Vanimo,PG,2021-01-11 17:39:18,-2.6741,141.3028,78.15,84,78,2.59
215,Nyrob,RU,2021-01-11 17:39:18,60.733,56.7202,-10.68,85,0,6.85
216,Hamilton,US,2021-01-11 17:39:18,39.1834,-84.5333,30.99,69,90,5.75
217,Bardiyah,LY,2021-01-11 17:39:18,31.7561,25.0865,69.17,52,0,10.51
218,Cherskiy,RU,2021-01-11 17:39:18,68.75,161.3,-33.99,81,0,4.38
219,Jacareacanga,BR,2021-01-11 17:39:19,-6.2222,-57.7528,78.8,94,75,5.75
220,Jibuti,DJ,2021-01-11 17:39:19,11.5,42.5,67.28,78,20,20.31
221,Derzhavinsk,KZ,2021-01-11 17:39:19,51.1,66.3167,16.9,95,100,6.31
222,Bambous Virieux,MU,2021-01-11 17:39:19,-20.3428,57.7575,80.6,94,40,12.66
223,Guerrero Negro,MX,2021-01-11 17:39:20,27.9769,-114.0611,66.56,26,0,0.58
224,Fort Nelson,CA,2021-01-11 17:39:20,58.8053,-122.7002,12.2,92,75,3.44
225,Phayakkhaphum Phisai,TH,2021-01-11 17:39:22,15.5163,103.1937,57.0,99,45,20.09
226,Radomsko,PL,2021-01-11 17:39:23,51.0671,19.4448,28.99,72,34,7.25
227,Alofi,NU,2021-01-11 17:39:23,-19.0595,-169.9187,75.2,94,40,3.44
228,Tateyama,JP,2021-01-11 17:39:23,34.9833,139.8667,39.99,41,95,6.76
229,Vao,NC,2021-01-11 17:39:23,-22.6667,167.4833,78.12,86,100,19.8
230,Yerbogachen,RU,2021-01-11 17:39:24,61.2767,108.0108,-28.48,84,96,3.98
231,Margate,GB,2021-01-11 17:39:24,51.3813,1.3862,46.0,80,84,3.0
232,Husavik,IS,2021-01-11 17:39:24,66.0449,-17.3389,15.8,92,0,5.75
233,Norman Wells,CA,2021-01-11 17:39:24,65.282,-126.8329,-2.2,84,75,2.3
234,Yima,CN,2021-01-11 17:39:24,34.7381,111.8839,35.01,99,0,7.72
235,Burns Lake,CA,2021-01-11 17:39:25,54.2331,-125.7533,37.4,70,79,4.61
236,Rio Gallegos,AR,2021-01-11 17:39:25,-51.6226,-69.2181,55.4,30,75,28.77
237,Victoria,HK,2021-01-11 17:39:26,22.2855,114.1577,50.0,29,100,3.0
238,Troitskoye,RU,2021-01-11 17:39:26,52.9821,84.6757,10.18,95,100,6.8
239,Prescott,US,2021-01-11 17:37:20,34.54,-112.4685,39.99,43,1,3.44
240,Muros,ES,2021-01-11 17:39:27,42.7762,-9.0603,50.0,57,0,5.75
241,Chapais,CA,2021-01-11 17:39:27,49.7834,-74.8492,15.8,86,75,13.8
242,Bengkulu,ID,2021-01-11 17:39:27,-3.8004,102.2655,76.14,92,100,7.11
243,Roebourne,AU,2021-01-11 17:39:28,-20.7833,117.1333,86.65,63,0,12.91
244,Millinocket,US,2021-01-11 17:39:28,45.6573,-68.7098,28.4,64,1,8.05
245,Portales,US,2021-01-11 17:39:28,34.1862,-103.3344,32.0,100,90,11.5
246,Mulchen,CL,2021-01-11 17:39:28,-37.7167,-72.2333,66.2,27,75,8.05
247,Benguela,AO,2021-01-11 17:39:28,-12.5763,13.4055,77.61,65,2,5.23
248,Kromy,RU,2021-01-11 17:39:28,52.6876,35.7667,15.64,96,99,4.65
249,Eyl,SO,2021-01-11 17:39:29,7.9803,49.8164,73.33,63,35,21.81
250,Quatre Cocos,MU,2021-01-11 17:39:30,-20.2078,57.7625,80.6,94,40,12.66
251,Albufeira,PT,2021-01-11 17:39:30,37.0882,-8.2503,53.6,62,20,2.3
252,Bethanien,NA,2021-01-11 17:39:30,-26.502,17.1583,85.41,37,40,10.29
253,Fortuna,US,2021-01-11 17:39:31,40.5982,-124.1573,46.99,100,1,16.11
254,Gari,RU,2021-01-11 17:39:32,59.4307,62.3497,-26.41,86,93,6.8
255,Kabanjahe,ID,2021-01-11 17:39:32,3.1001,98.4908,75.2,94,75,10.36
256,Shintomi,JP,2021-01-11 17:39:32,32.0785,131.4723,41.04,90,100,4.72
257,Samarai,PG,2021-01-11 17:39:32,-10.6167,150.6667,82.38,78,100,7.09
258,Snezhnogorsk,RU,2021-01-11 17:39:32,69.1933,33.2531,-11.2,77,75,2.24
259,Saint-Leu,RE,2021-01-11 17:39:32,-21.15,55.2833,80.6,94,75,12.66
260,Menongue,AO,2021-01-11 17:39:33,-14.6585,17.691,65.37,85,98,4.16
261,Acapulco,MX,2021-01-11 17:39:33,16.8634,-99.8901,84.2,58,75,3.44
262,Temirgoyevskaya,RU,2021-01-11 17:39:33,45.1141,40.2803,32.95,96,100,3.18
263,Brigantine,US,2021-01-11 17:39:33,39.4101,-74.3646,46.99,39,1,6.91
264,Miranda,CO,2021-01-11 17:39:33,3.2499,-76.2281,82.4,57,40,2.3
265,Tadine,NC,2021-01-11 17:39:34,-21.55,167.8833,77.58,90,100,10.63
266,Ulaangom,MN,2021-01-11 17:39:34,49.9811,92.0667,-22.49,85,97,1.32
267,Toyooka,JP,2021-01-11 17:39:35,35.5333,134.8333,34.72,87,100,6.02
268,Benjamin Constant,BR,2021-01-11 17:39:35,-4.3831,-70.0311,86.0,78,75,5.75
269,Tessalit,ML,2021-01-11 17:39:35,20.1986,1.0114,74.03,20,40,13.73
270,Belyy Yar,RU,2021-01-11 17:39:37,53.6039,91.3903,10.4,79,40,8.95
271,Mitsamiouli,KM,2021-01-11 17:39:37,-11.3847,43.2844,81.91,78,100,14.41
272,Baykit,RU,2021-01-11 17:39:37,61.67,96.37,-26.45,80,23,2.17
273,Winslow,US,2021-01-11 17:39:37,35.0242,-110.6974,26.6,43,1,3.78
274,Balkhash,KZ,2021-01-11 17:39:37,46.844,74.9804,9.01,86,7,7.9
275,Durusu,TR,2021-01-11 17:39:37,41.3053,28.6767,59.0,88,75,7.14
276,Lorengau,PG,2021-01-11 17:39:37,-2.0226,147.2712,82.31,76,100,7.09
277,Farmington,US,2021-01-11 17:39:37,36.7281,-108.2187,30.0,63,1,3.44
278,Usak,TR,2021-01-11 17:39:37,38.5,29.4167,55.4,76,75,4.61
279,Sitka,US,2021-01-11 17:39:37,57.0531,-135.33,37.4,93,90,4.61
280,Praia Da Vitoria,PT,2021-01-11 17:39:38,38.7333,-27.0667,62.6,94,75,8.21
281,Taungdwingyi,MM,2021-01-11 17:39:38,20.0167,95.55,69.55,52,40,4.97
282,Cuenca,EC,2021-01-11 17:39:38,-2.8833,-78.9833,66.29,51,63,7.78
283,Pevek,RU,2021-01-11 17:39:38,69.7008,170.3133,-31.36,85,61,1.57
284,Izberbash,RU,2021-01-11 17:39:38,42.5696,47.8645,37.4,87,40,4.47
285,Arica,CL,2021-01-11 17:39:38,-18.475,-70.3042,77.0,53,0,19.57
286,Henties Bay,NA,2021-01-11 17:39:39,-22.116,14.2845,68.0,84,96,5.01
287,Salalah,OM,2021-01-11 17:39:39,17.0151,54.0924,73.4,21,0,8.05
288,Haines Junction,CA,2021-01-11 17:39:39,60.7522,-137.5108,14.0,85,97,1.14
289,Novo Horizonte,BR,2021-01-11 17:39:39,-21.4681,-49.2208,91.99,46,81,3.94
290,Coolum Beach,AU,2021-01-11 17:39:39,-26.5333,153.1,69.01,89,6,1.01
291,Mtsensk,RU,2021-01-11 17:39:39,53.2766,36.5733,12.76,96,97,3.89
292,Port-De-Bouc,FR,2021-01-11 17:39:39,43.4,4.9833,37.4,60,1,21.5
293,Bendigo,AU,2021-01-11 17:39:40,-36.7667,144.2833,70.0,39,66,13.0
294,Taubate,BR,2021-01-11 17:39:40,-23.0264,-45.5553,86.0,62,20,2.3
295,Nouadhibou,MR,2021-01-11 17:39:40,20.931,-17.0347,69.8,46,100,18.41
296,Micheweni,TZ,2021-01-11 17:39:40,-4.9667,39.8333,80.82,77,6,16.62
297,Pietersburg,ZA,2021-01-11 17:39:41,-23.9045,29.4688,73.4,64,20,8.05
298,Vigeland,NO,2021-01-11 17:39:41,58.0844,7.305,37.99,87,97,7.0
299,Castro,BR,2021-01-11 17:37:55,-24.7911,-50.0119,78.93,74,52,2.8
300,Ler,SS,2021-01-11 17:39:42,8.3018,30.1418,82.51,18,49,2.98
301,Pimentel,PE,2021-01-11 17:39:42,-6.8367,-79.9342,82.4,54,0,17.27
302,Iisaku,EE,2021-01-11 17:39:42,59.1014,27.3081,19.54,98,98,10.16
303,Pandhana,IN,2021-01-11 17:39:42,21.7,76.2167,73.89,49,0,5.26
304,Russell,US,2021-01-11 17:39:42,32.3502,-85.1999,46.4,81,90,3.44
305,Espergaerde,DK,2021-01-11 17:39:42,56.0,12.5667,39.0,93,100,11.01
306,Nazca,PE,2021-01-11 17:39:43,-14.8333,-74.95,86.83,34,47,9.42
307,Kavaratti,IN,2021-01-11 17:39:43,10.5669,72.642,82.45,73,98,5.73
308,Remedios,CU,2021-01-11 17:39:12,22.4947,-79.5458,80.6,61,75,12.66
309,Ghazipur,IN,2021-01-11 17:39:43,25.5833,83.5667,54.48,64,6,6.8
310,Ancud,CL,2021-01-11 17:39:43,-41.8697,-73.8203,63.0,58,40,5.75
311,Constitucion,CL,2021-01-11 17:39:43,-35.3333,-72.4167,66.07,48,0,19.13
312,Lagoa,PT,2021-01-11 17:39:43,39.05,-27.9833,62.8,85,100,10.89
313,Kansanshi,ZM,2021-01-11 17:39:43,-12.0951,26.4273,64.29,96,100,2.39
314,Havre-Saint-Pierre,CA,2021-01-11 17:39:43,50.2334,-63.5986,15.8,62,1,12.66
315,La Maddalena,IT,2021-01-11 17:39:44,41.2142,9.4083,44.6,93,75,3.44
316,Umm Lajj,SA,2021-01-11 17:39:44,25.0213,37.2685,78.46,39,0,6.29
317,Great Falls,US,2021-01-11 17:39:44,47.5002,-111.3008,43.0,41,1,21.85
318,Matay,EG,2021-01-11 17:39:45,28.419,30.7792,65.48,37,0,5.23
319,Sobolevo,RU,2021-01-11 17:39:45,54.4299,31.8996,11.91,96,100,4.74
320,Richards Bay,ZA,2021-01-11 17:39:45,-28.783,32.0377,73.92,90,4,0.72
321,Plouzane,FR,2021-01-11 17:39:45,48.3833,-4.6167,46.4,93,90,8.05
322,Bitam,GA,2021-01-11 17:39:46,2.076,11.5007,75.45,69,29,2.24
323,Olinda,BR,2021-01-11 17:39:46,-8.0089,-34.8553,84.2,58,75,10.36
324,Pandan,PH,2021-01-11 17:39:47,14.0453,124.1694,76.21,83,100,21.52
325,Soe,ID,2021-01-11 17:39:47,-9.8607,124.284,68.11,100,97,2.35
326,Myski,RU,2021-01-11 17:39:47,53.709,87.8014,10.71,94,100,8.19
327,Tezu,IN,2021-01-11 17:39:47,27.9167,96.1667,62.89,60,97,2.35
328,Valladolid,ES,2021-01-11 17:39:47,41.5833,-4.6667,35.01,69,0,10.36
329,Trairi,BR,2021-01-11 17:39:49,-3.2778,-39.2689,85.01,58,59,10.98
330,Kurtamysh,RU,2021-01-11 17:39:51,54.9103,64.4319,-7.13,90,100,15.32
331,Bismarck,US,2021-01-11 17:38:02,46.8083,-100.7837,33.01,80,1,16.11
332,Ballina,AU,2021-01-11 17:39:52,-28.8667,153.5667,64.4,94,40,4.61
333,Stokmarknes,NO,2021-01-11 17:39:52,68.5646,14.9108,28.4,59,0,13.8
334,Macenta,GN,2021-01-11 17:39:52,8.5435,-9.471,85.98,43,78,4.03
335,Kaeo,NZ,2021-01-11 17:39:53,-35.1,173.7833,59.0,83,71,5.84
336,Namatanai,PG,2021-01-11 17:39:53,-3.6667,152.4333,79.75,80,100,5.23
337,Williams Lake,CA,2021-01-11 17:37:27,52.1415,-122.1445,35.6,75,75,26.46
338,Pacific Grove,US,2021-01-11 17:39:55,36.6177,-121.9166,52.0,87,1,6.6
339,Hedaru,TZ,2021-01-11 17:39:55,-4.5,37.9,73.81,78,13,6.67
340,Kajiado,KE,2021-01-11 17:39:55,-1.8524,36.7768,61.36,94,54,13.09
341,Saraipali,IN,2021-01-11 17:39:55,21.3333,83.0,71.24,49,38,3.69
342,Rapar,IN,2021-01-11 17:39:55,23.5667,70.6333,65.26,33,0,9.4
343,Kurilsk,RU,2021-01-11 17:39:55,45.2333,147.8833,20.61,91,100,17.47
344,Kalmunai,LK,2021-01-11 17:39:56,7.4167,81.8167,77.43,89,100,6.04
345,Beyneu,KZ,2021-01-11 17:39:56,45.3167,55.2,29.05,96,100,13.31
346,Ossora,RU,2021-01-11 17:39:56,59.2353,163.0719,7.05,93,100,10.63
347,Verkhoyansk,RU,2021-01-11 17:39:00,67.5447,133.385,-41.93,73,29,1.92
348,Hobyo,SO,2021-01-11 17:39:57,5.3505,48.5268,75.88,72,52,22.26
349,Lompoc,US,2021-01-11 17:37:29,34.6391,-120.4579,60.01,71,1,9.22
350,Adrar,MR,2021-01-11 17:39:57,20.5022,-10.0711,65.07,28,98,14.07
351,Poronaysk,RU,2021-01-11 17:39:57,49.2167,143.1167,-7.6,86,0,2.35
352,Honiara,SB,2021-01-11 17:39:58,-9.4333,159.95,77.92,85,100,1.7
353,La Peca,PE,2021-01-11 17:39:58,-5.6111,-78.435,73.45,73,66,3.18
354,Mount Gambier,AU,2021-01-11 17:39:58,-37.8333,140.7667,59.0,77,90,13.8
355,Taunggyi,MM,2021-01-11 17:39:58,20.7833,97.0333,54.95,91,79,1.77
356,Ugoofaaru,MV,2021-01-11 17:39:58,5.6667,73.0,80.78,78,100,7.36
357,Basoko,CD,2021-01-11 17:39:58,1.2391,23.616,82.71,50,76,0.76
358,Luderitz,NA,2021-01-11 17:39:58,-26.6481,15.1594,69.08,66,0,24.25
359,Vanavara,RU,2021-01-11 17:39:59,60.34,102.2797,-32.06,84,58,2.64
360,Broadstairs,GB,2021-01-11 17:35:24,51.3591,1.4394,46.0,80,84,3.0
361,Kazachinskoye,RU,2021-01-11 17:39:59,57.6953,93.2761,-19.12,87,100,3.11
362,Arkadelphia,US,2021-01-11 17:39:59,34.1209,-93.0538,39.2,65,90,4.61
363,Krasnoselkup,RU,2021-01-11 17:39:59,65.7,82.4667,2.07,93,100,15.59
364,Nguru,NG,2021-01-11 17:39:59,12.8791,10.4526,78.4,17,0,10.96
365,Korla,CN,2021-01-11 17:39:59,41.7597,86.1469,14.79,80,0,6.31
366,Kamenka,RU,2021-01-11 17:39:59,51.3223,42.7678,4.12,95,50,4.38
367,Moose Factory,CA,2021-01-11 17:40:00,51.2585,-80.6094,32.0,93,90,8.05
368,Saint-Ambroise,CA,2021-01-11 17:40:00,48.5501,-71.3324,24.01,79,43,3.44
369,Luganville,VU,2021-01-11 17:40:00,-15.5333,167.1667,78.84,81,97,4.05
370,North Bend,US,2021-01-11 17:38:33,43.4065,-124.2243,52.0,87,1,9.22
371,Toguchin,RU,2021-01-11 17:40:00,55.2353,84.3858,-20.27,87,43,6.64
372,Klaksvik,FO,2021-01-11 17:40:01,62.2266,-6.589,37.4,60,75,20.71
373,Nikki,BJ,2021-01-11 17:40:01,9.9401,3.2108,82.51,15,0,1.88
374,Provideniya,RU,2021-01-11 17:40:01,64.3833,-173.3,-9.54,82,99,10.45
375,Grindavik,IS,2021-01-11 17:40:01,63.8424,-22.4338,24.8,86,0,6.91
376,Souillac,MU,2021-01-11 17:40:01,-20.5167,57.5167,80.6,94,40,12.66
377,Moa,CU,2021-01-11 17:40:01,20.6569,-74.9403,81.21,71,76,13.06
378,Lavrentiya,RU,2021-01-11 17:40:02,65.5833,-171.0,-13.0,82,100,11.99
379,Saldanha,ZA,2021-01-11 17:40:02,-33.0117,17.9442,84.2,34,0,12.66
380,Bani Walid,LY,2021-01-11 17:40:02,31.7566,13.9942,64.15,58,5,12.97
381,Verkhnetulomskiy,RU,2021-01-11 17:40:02,68.6073,31.7962,-11.2,77,75,2.24
382,San Pedro,PH,2021-01-11 17:40:02,14.35,121.0167,77.0,69,75,2.3
383,Angoche,MZ,2021-01-11 17:40:02,-16.2325,39.9086,83.01,78,100,13.09
384,Edd,ER,2021-01-11 17:40:02,13.9297,41.6925,77.86,59,0,20.02
385,Chivay,PE,2021-01-11 17:40:04,-15.6383,-71.6011,58.12,41,79,3.53
386,Bandarbeyla,SO,2021-01-11 17:40:04,9.4942,50.8122,73.13,71,27,25.32
387,Sangar,RU,2021-01-11 17:40:04,63.9242,127.4739,-38.38,80,100,6.42
388,Clyde River,CA,2021-01-11 17:40:04,70.4692,-68.5914,5.0,85,90,16.11
389,Namie,JP,2021-01-11 17:40:04,37.4833,141.0,32.0,71,100,4.41
390,Ogaminana,NG,2021-01-11 17:40:04,7.5946,6.2248,87.1,25,5,3.04
391,Zarate,AR,2021-01-11 17:40:04,-34.0981,-59.0286,69.8,88,0,8.05
392,Jacmel,HT,2021-01-11 17:40:05,18.2342,-72.5347,82.4,57,40,14.97
393,Uvat,RU,2021-01-11 17:40:05,59.1433,68.8953,-23.75,86,0,5.93
394,Sibolga,ID,2021-01-11 17:40:05,1.7427,98.7792,75.13,83,100,3.49
395,Kastamonu,TR,2021-01-11 17:40:06,41.5,33.6667,49.77,77,98,3.53
396,Takoradi,GH,2021-01-11 17:37:15,4.8845,-1.7554,80.92,82,57,10.47
397,Nelson Bay,AU,2021-01-11 17:40:06,-32.7167,152.15,69.01,88,0,3.44
398,Saint-Pierre,RE,2021-01-11 17:40:06,-21.3393,55.4781,78.8,94,75,12.66
399,Xining,CN,2021-01-11 17:40:06,36.6167,101.7667,10.51,61,0,3.36
400,Tibiri,NE,2021-01-11 17:40:06,13.5627,7.0485,89.6,12,0,9.22
401,Torbay,CA,2021-01-11 17:40:07,47.6666,-52.7314,28.0,86,90,14.97
402,Srednekolymsk,RU,2021-01-11 17:40:07,67.45,153.6833,-34.62,82,0,5.64
403,Berdigestyakh,RU,2021-01-11 17:40:07,62.0989,126.6992,-36.29,82,99,2.86
404,Oriximina,BR,2021-01-11 17:40:07,-1.7656,-55.8661,89.58,51,56,3.51
405,Flinders,AU,2021-01-11 17:40:07,-34.5833,150.8552,64.99,85,95,1.01
406,Marzuq,YE,2021-01-11 17:40:07,14.4,46.4667,56.17,38,2,3.29
407,North Platte,US,2021-01-11 17:40:07,41.1239,-100.7654,35.01,69,1,12.66
408,Hoi An,VN,2021-01-11 17:40:07,15.8794,108.335,60.8,67,75,9.22
409,Mackay,AU,2021-01-11 17:40:08,-21.15,149.2,75.2,94,90,14.97
410,Hearst,CA,2021-01-11 17:37:24,49.6835,-83.6665,26.6,86,98,8.05
411,Nome,US,2021-01-11 17:40:08,64.5011,-165.4064,14.0,73,90,21.85
412,Acajutla,SV,2021-01-11 17:36:39,13.5928,-89.8275,80.6,54,0,4.61
413,Donja Dubica,BA,2021-01-11 17:38:02,45.075,18.4114,30.0,85,89,3.0
414,Port-Cartier,CA,2021-01-11 17:40:10,50.0334,-66.8654,23.0,63,9,5.75
415,Port Lincoln,AU,2021-01-11 17:40:10,-34.7333,135.8667,60.64,74,77,15.95
416,Isla Aguada,MX,2021-01-11 17:40:10,18.7833,-91.4667,75.2,78,90,10.36
417,Buzmeyin,TM,2021-01-11 17:40:10,38.0507,58.2056,37.4,56,2,4.61
418,Gao,ML,2021-01-11 17:36:52,16.6362,1.637,81.05,14,0,8.23
419,Paracuru,BR,2021-01-11 17:40:10,-3.41,-39.0306,82.0,70,68,11.99
420,Mayumba,GA,2021-01-11 17:40:11,-3.432,10.6554,78.64,86,100,10.96
421,Port Hardy,CA,2021-01-11 17:40:11,50.6996,-127.4199,46.4,93,40,4.61
422,Baherden,TM,2021-01-11 17:40:11,38.4362,57.4316,38.98,65,19,1.66
423,Ebolowa,CM,2021-01-11 17:40:11,2.9,11.15,74.84,80,29,5.35
424,Mehamn,NO,2021-01-11 17:40:11,71.0357,27.8492,17.6,67,0,26.46
425,Buluang,PH,2021-01-11 17:40:11,13.3068,123.3425,73.56,86,100,9.33
426,Felanitx,ES,2021-01-11 17:40:11,39.4696,3.1483,48.2,71,75,4.61
427,La Rioja,ES,2021-01-11 17:40:11,42.25,-2.5,37.4,70,20,10.36
428,San Cristobal,VE,2021-01-11 17:40:11,7.7669,-72.225,80.6,74,40,4.61
429,Tokyo,JP,2021-01-11 17:40:11,35.6895,139.6917,41.0,48,75,11.5
430,Dolores,AR,2021-01-11 17:40:12,-36.3132,-57.6792,83.66,50,99,11.48
431,Erenhot,CN,2021-01-11 17:40:12,43.6475,111.9767,8.51,85,45,18.41
432,Mogok,MM,2021-01-11 17:40:12,22.9167,96.5,56.89,97,55,2.39
433,Corrente,BR,2021-01-11 17:40:12,-3.7367,-43.3394,90.5,48,76,5.86
434,Kungsbacka,SE,2021-01-11 17:40:12,57.4872,12.0761,42.01,100,75,25.32
435,Paamiut,GL,2021-01-11 17:40:12,61.994,-49.6678,28.74,98,100,16.24
436,Kifri,IQ,2021-01-11 17:40:12,34.6959,44.9661,54.75,39,0,8.55
437,Ramhormoz,IR,2021-01-11 17:40:12,31.28,49.6035,51.8,66,0,6.91
438,Reyes,BO,2021-01-11 17:40:12,-14.3167,-67.3833,93.2,58,20,13.8
439,Dod Ballapur,IN,2021-01-11 17:40:04,13.2919,77.5431,73.0,100,40,3.44
440,Gat,IL,2021-01-11 17:40:13,31.61,34.7642,66.0,44,37,4.94
441,Palana,RU,2021-01-11 17:40:13,59.1167,159.9667,6.84,96,100,2.75
442,Lata,PT,2021-01-11 17:40:13,40.1629,-8.3327,50.0,46,0,5.75
443,Beloha,MG,2021-01-11 17:40:13,-25.1667,45.05,76.26,77,0,15.68
444,Edson,CA,2021-01-11 17:37:30,53.5835,-116.4356,23.0,80,40,4.99
445,Inuvik,CA,2021-01-11 17:40:13,68.3499,-133.7218,-2.2,84,99,2.3
446,Rehoboth,NA,2021-01-11 17:40:13,-23.3167,17.0833,74.71,61,100,13.44
447,Ucluelet,CA,2021-01-11 17:36:03,48.9329,-125.5528,48.99,100,75,8.05
448,Banda Aceh,ID,2021-01-11 17:40:14,5.5577,95.3222,78.26,82,18,12.3
449,Nanortalik,GL,2021-01-11 17:40:14,60.1432,-45.2371,30.94,96,100,7.09
450,Northam,GB,2021-01-11 17:40:14,51.0333,-4.2167,48.0,96,100,15.01
451,Cuamba,MZ,2021-01-11 17:40:14,-14.8031,36.5372,73.27,88,89,2.64
452,Christchurch,NZ,2021-01-11 17:35:16,-43.5333,172.6333,60.01,82,90,9.22
453,Sorland,NO,2021-01-11 17:40:14,67.667,12.6934,32.0,74,40,17.27
454,Gusau,NG,2021-01-11 17:40:14,12.1628,6.6614,78.93,16,2,8.86
455,Urucui,BR,2021-01-11 17:40:15,-7.2294,-44.5561,87.75,62,27,2.44
456,Ust-Kuyga,RU,2021-01-11 17:40:15,70.0167,135.6,-36.92,77,66,7.31
457,Progreso,MX,2021-01-11 17:40:15,21.2833,-89.6667,73.4,78,90,5.08
458,Gizo,SB,2021-01-11 17:40:15,-8.103,156.8419,80.53,78,100,1.81
459,Yizheng,CN,2021-01-11 17:40:15,24.6706,103.4296,23.54,98,100,3.53
460,El Sauzal,MX,2021-01-11 17:40:15,31.9,-116.6833,62.01,32,1,1.99
461,Khani,GE,2021-01-11 17:40:15,41.9563,42.9566,48.2,100,90,8.05
462,Zacatecoluca,SV,2021-01-11 17:37:36,13.5,-88.8667,87.8,51,0,5.75
463,Taoudenni,ML,2021-01-11 17:40:16,22.6783,-3.9836,66.51,25,57,8.5
464,Maragogi,BR,2021-01-11 17:36:58,-9.0122,-35.2225,82.35,68,98,12.15
465,Newport,GB,2021-01-11 17:40:16,51.5877,-2.9984,46.99,96,100,3.0
466,Huamachuco,PE,2021-01-11 17:40:16,-7.8,-78.0667,61.81,52,47,5.82
467,Kindu,CD,2021-01-11 17:40:16,-2.95,25.95,72.73,94,99,2.55
468,Norwalk,US,2021-01-11 17:40:16,33.9022,-118.0817,64.99,35,1,2.26
469,Iqaluit,CA,2021-01-11 17:40:16,63.7506,-68.5145,5.0,72,90,3.44
470,Bordighera,IT,2021-01-11 17:40:17,43.7806,7.6645,48.2,53,75,5.75
471,Naryan-Mar,RU,2021-01-11 17:40:17,67.6713,53.087,-9.96,88,60,5.64
472,Yining,CN,2021-01-11 17:40:17,29.0361,114.5636,32.22,81,0,2.62
473,Tazovskiy,RU,2021-01-11 17:40:17,67.4667,78.7,-4.23,92,100,17.49
474,Ayan,RU,2021-01-11 17:40:17,56.45,138.1667,-24.05,72,0,8.75
475,Ayagoz,KZ,2021-01-11 17:40:17,47.9714,80.4392,9.14,77,13,3.0
476,Nisia Floresta,BR,2021-01-11 17:40:18,-6.0911,-35.2086,86.0,62,75,14.97
477,Lazaro Cardenas,MX,2021-01-11 17:40:18,17.9583,-102.2,83.71,46,18,3.65
478,Itaituba,BR,2021-01-11 17:40:18,-4.2761,-55.9836,84.2,84,75,11.5
479,Akdepe,TM,2021-01-11 17:40:18,42.0551,59.3788,39.2,75,90,9.22
480,Eidfjord,NO,2021-01-11 17:40:18,60.4675,7.0719,5.0,85,55,2.15
481,Bend,US,2021-01-11 17:40:18,44.0582,-121.3153,37.99,88,74,3.0
482,Novoagansk,RU,2021-01-11 17:40:18,61.9449,76.6625,-25.8,85,0,6.6
483,Eastbourne,GB,2021-01-11 17:40:19,50.7687,0.2845,45.0,88,98,11.99
484,Atkinson,US,2021-01-11 17:40:19,42.8384,-71.147,35.01,50,100,1.99
485,Walvis Bay,NA,2021-01-11 17:40:19,-22.9575,14.5053,68.0,77,75,11.5
486,Taveta,KE,2021-01-11 17:40:19,-3.3963,37.6736,75.2,78,75,5.75
487,Vestmannaeyjar,IS,2021-01-11 17:40:19,63.4427,-20.2734,30.2,69,0,5.75
488,Matagami,CA,2021-01-11 17:40:19,49.7502,-77.6328,23.0,100,90,6.91
489,Rancho Palos Verdes,US,2021-01-11 17:39:32,33.7445,-118.387,64.0,47,18,1.99
490,Enfield,AU,2021-01-11 17:36:51,-34.8526,138.6026,62.6,63,75,14.97
491,Nizhneivkino,RU,2021-01-11 17:40:19,58.194,49.5214,-8.75,89,100,7.85
492,Dalbandin,PK,2021-01-11 17:40:20,28.8947,64.4101,43.7,41,0,4.88
493,Ust-Maya,RU,2021-01-11 17:40:20,60.4167,134.5333,-49.18,76,81,1.12
494,Iskateley,RU,2021-01-11 17:40:20,67.6803,53.1512,-10.1,88,59,5.68
495,Kiunga,PG,2021-01-11 17:40:20,-6.1219,141.2906,75.09,97,100,1.63
496,Mingshui,CN,2021-01-11 17:40:20,36.7167,117.5,32.0,28,0,9.89
497,Gilbues,BR,2021-01-11 17:40:20,-9.8317,-45.3439,90.41,42,35,1.95
498,Hashtrud,IR,2021-01-11 17:39:30,37.4779,47.0508,24.69,78,36,1.57
499,Aktau,KZ,2021-01-11 17:40:20,43.65,51.2,28.4,100,75,4.47
500,Kushiro,JP,2021-01-11 17:38:23,42.975,144.3747,18.86,86,55,5.44
501,Alta Floresta,BR,2021-01-11 17:40:21,-9.8756,-56.0861,87.8,66,40,4.61
502,Mirabad,AF,2021-01-11 17:40:21,30.4362,61.8383,39.78,49,0,1.9
503,Leningradskiy,RU,2021-01-11 17:40:21,69.3833,178.4167,-22.09,83,100,14.05
504,Morehead,US,2021-01-11 17:40:21,37.2711,-87.1764,28.4,64,90,3.44
505,Guarapari,BR,2021-01-11 17:40:21,-20.6667,-40.4975,88.0,62,20,18.41
506,Hillsboro,US,2021-01-11 17:40:21,45.5229,-122.9898,45.0,100,75,3.8
507,Kamo,JP,2021-01-11 17:37:34,37.65,139.05,30.0,93,100,3.96
508,Khasan,RU,2021-01-11 17:40:21,42.4308,130.6434,16.36,93,100,7.45
509,Gawler,AU,2021-01-11 17:40:21,-34.6,138.7333,60.01,80,0,4.97
510,Garmsar,IR,2021-01-11 17:40:21,35.2182,52.3409,40.78,63,0,3.24
511,Laives,IT,2021-01-11 17:40:21,46.4228,11.3348,25.0,73,0,3.44
512,Chernaya Kholunitsa,RU,2021-01-11 17:40:22,58.8511,51.7154,-12.33,88,100,8.95
513,Berdyaush,RU,2021-01-11 17:40:22,55.1619,59.1464,-8.12,87,100,6.38
514,Verkhniy Tagil,RU,2021-01-11 17:40:22,57.3733,59.9556,-17.72,87,100,10.51
515,Pontianak,ID,2021-01-11 17:40:22,-0.0333,109.3333,77.0,94,40,5.32
516,Marawi,PH,2021-01-11 17:40:22,7.9986,124.2928,75.0,94,96,3.0
517,Ferrol,ES,2021-01-11 17:39:52,43.4832,-8.2369,48.99,66,20,8.05
518,Flin Flon,CA,2021-01-11 17:40:22,54.7682,-101.865,12.2,85,20,4.61
519,Zagoryanskiy,RU,2021-01-11 17:40:22,55.9325,37.9581,17.6,86,75,6.71
520,Belmonte,BR,2021-01-11 17:38:08,-15.8631,-38.8828,84.2,74,75,3.44
521,Mumford,GH,2021-01-11 17:40:23,5.2618,-0.759,81.09,80,24,15.37
522,Tabas,IR,2021-01-11 17:40:23,33.5959,56.9244,37.4,23,0,4.61
523,Port Blair,IN,2021-01-11 17:40:23,11.6667,92.75,79.32,79,8,12.5
524,Boyolangu,ID,2021-01-11 17:40:23,-8.1181,111.8935,76.71,85,100,3.24
525,Juneau,US,2021-01-11 17:40:23,58.3019,-134.4197,39.99,81,90,17.27
526,Pontian Kecil,MY,2021-01-11 17:40:23,1.4801,103.3899,77.0,88,20,4.61
527,Gallup,US,2021-01-11 17:40:24,35.5281,-108.7426,27.0,63,1,8.46
528,Baymak,RU,2021-01-11 17:40:24,52.5933,58.3225,-5.39,92,100,7.78
529,Kyzyl-Suu,KG,2021-01-11 17:40:24,42.3414,78.0056,24.12,66,0,7.87
530,Natal,BR,2021-01-11 17:38:20,-5.795,-35.2094,86.0,62,75,14.97
531,Saulkrasti,LV,2021-01-11 17:40:24,57.2622,24.4147,32.0,86,90,10.36
532,Camacha,PT,2021-01-11 17:40:24,33.0833,-16.3333,59.0,58,75,10.36
533,Mago,RU,2021-01-11 17:40:25,53.2514,140.1822,-17.66,88,97,1.81
534,Hami,CN,2021-01-11 17:40:25,42.8,93.45,13.71,82,0,1.36
535,Zhaotong,CN,2021-01-11 17:40:25,27.3167,103.7167,26.02,84,95,1.88
536,Changji,CN,2021-01-11 17:37:12,44.0167,87.3167,-2.2,78,8,2.24
537,Te Anau,NZ,2021-01-11 17:40:25,-45.4167,167.7167,44.89,86,9,0.54
538,Nigde,TR,2021-01-11 17:39:31,37.8333,34.75,46.63,85,99,6.08
539,Haapsalu,EE,2021-01-11 17:40:25,58.9431,23.5414,30.99,93,20,6.91
540,Saint-Joseph,RE,2021-01-11 17:40:26,-21.3667,55.6167,78.8,94,75,12.66
541,Toccoa,US,2021-01-11 17:36:37,34.5773,-83.3324,41.0,81,90,3.44
542,Poum,NC,2021-01-11 17:40:26,-20.2333,164.0167,82.18,84,78,6.78
543,Kawalu,ID,2021-01-11 17:40:26,-7.3817,108.2082,74.79,88,100,0.67
544,Emerald,AU,2021-01-11 17:40:26,-23.5333,148.1667,75.2,78,90,10.36
545,Talara,PE,2021-01-11 17:40:26,-4.5772,-81.2719,84.2,61,0,14.97
546,Yar-Sale,RU,2021-01-11 17:40:26,66.8333,70.8333,-12.55,79,75,10.4
547,Vila Franca Do Campo,PT,2021-01-11 17:40:27,37.7167,-25.4333,59.0,100,75,6.91
548,Jumla,NP,2021-01-11 17:40:27,29.2747,82.1838,38.32,48,43,3.83
549,Ponta Pora,BR,2021-01-11 17:40:27,-22.5361,-55.7256,91.4,49,20,11.5
550,Felipe Carrillo Puerto,MX,2021-01-11 17:40:27,19.5833,-88.05,73.24,93,90,4.81
551,Aquin,HT,2021-01-11 17:40:27,18.2833,-73.4,80.13,71,100,2.98
552,Ambon,ID,2021-01-11 17:40:27,-3.6954,128.1814,84.0,90,100,3.96
553,Saint-Augustin,CA,2021-01-11 17:40:28,51.226,-58.6502,19.29,78,100,8.01
554,Nova Russas,BR,2021-01-11 17:40:28,-4.7067,-40.5631,93.61,35,81,4.16
555,Great Yarmouth,GB,2021-01-11 17:40:28,52.6083,1.7305,44.6,81,40,18.41
556,Lodja,CD,2021-01-11 17:40:28,-3.4833,23.4333,75.47,74,92,1.14
557,Rethimnon,GR,2021-01-11 17:40:28,35.3647,24.4714,69.01,68,20,2.3
558,Catalina,US,2021-01-11 17:40:28,32.5056,-110.9211,54.0,28,78,1.01
559,Lubango,AO,2021-01-11 17:40:28,-14.9172,13.4925,61.11,71,94,4.7
560,Kushima,JP,2021-01-11 17:40:28,31.4583,131.2333,37.0,100,100,3.0
561,Banepa,NP,2021-01-11 17:37:06,27.6298,85.5214,48.2,87,20,2.3
562,Sinnamary,GF,2021-01-11 17:40:29,5.3833,-52.95,80.51,81,16,14.18
563,Tucuman,AR,2021-01-11 17:40:29,-26.8241,-65.2226,91.4,58,0,6.78
564,Yerofey Pavlovich,RU,2021-01-11 17:40:29,53.9667,121.9667,-15.61,88,96,2.19
565,Pearland,US,2021-01-11 17:40:29,29.5636,-95.286,42.01,70,90,11.5
566,Severomuysk,RU,2021-01-11 17:40:29,56.1481,113.4267,-17.48,89,100,2.04
567,Hofn,IS,2021-01-11 17:40:29,64.2539,-15.2082,24.8,63,0,8.05
568,Niono,ML,2021-01-11 17:40:29,14.2526,-5.993,86.31,14,0,9.69
569,Dhidhdhoo,MV,2021-01-11 17:40:30,6.8833,73.1,81.54,72,100,4.61
570,Cabedelo,BR,2021-01-11 17:40:17,-6.9811,-34.8339,86.0,62,40,11.5
571,Bilibino,RU,2021-01-11 17:40:30,68.0546,166.4372,-27.22,80,1,1.99
572,Den Helder,NL,2021-01-11 17:40:30,52.9599,4.7593,44.01,93,90,24.16
573,Talnakh,RU,2021-01-11 17:37:25,69.4865,88.3972,-16.35,87,100,6.96
574,Salinas,US,2021-01-11 17:40:30,36.6777,-121.6555,54.0,76,1,10.36
575,Shelburne,CA,2021-01-11 17:40:30,44.0787,-80.2041,30.99,88,56,14.88
576,San Quintin,MX,2021-01-11 17:36:37,30.4833,-115.95,63.84,37,0,5.41
577,Preobrazheniye,RU,2021-01-11 17:40:30,42.9019,133.9064,16.99,87,100,5.19
578,Hirado,JP,2021-01-11 17:40:30,33.3597,129.5531,41.0,76,100,19.82
